playerId,Name,Team,League
296723,Ionut Radu,Genoa,SerieA
123767,Davide Biraschi,Genoa,SerieA
323663,Cristian Romero,Genoa,SerieA
61083,Ervin Zukanovic,Genoa,SerieA
13895,Domenico Criscito,Genoa,SerieA
38442,Darko Lazovic,Genoa,SerieA
297223,Esteban Rolón,Genoa,SerieA
22182,Miguel Veloso,Genoa,SerieA
122964,Daniel Bessa,Genoa,SerieA
6093,Goran Pandev,Genoa,SerieA
322217,Christian Kouamé,Genoa,SerieA
262516,Nicola Dalmonte,Genoa,SerieA
297001,Andrea Favilli,Genoa,SerieA
294164,Pedro Pereira,Genoa,SerieA
125268,Lisandro López,Genoa,SerieA
116944,Koray Günter,Genoa,SerieA
77350,Rômulo,Genoa,SerieA
298515,Giuseppe Pezzella,Genoa,SerieA
362777,Ivan Lakicevic,Genoa,SerieA
281346,Rok Vodisek,Genoa,SerieA
365435,Alessandro Russo,Genoa,SerieA
262515,Gianluigi Donnarumma,AC Milan,SerieA
23206,Ignazio Abate,AC Milan,SerieA
61014,Mateo Musacchio,AC Milan,SerieA
14063,Cristián Zapata,AC Milan,SerieA
61610,Ricardo Rodríguez,AC Milan,SerieA
319756,Lucas Paquetá,AC Milan,SerieA
135211,Tiemoué Bakayoko,AC Milan,SerieA
110373,Hakan Calhanoglu,AC Milan,SerieA
105591,Suso,AC Milan,SerieA
329681,Patrick Cutrone,AC Milan,SerieA
80882,Fabio Borini,AC Milan,SerieA
140116,José Mauri,AC Milan,SerieA
294137,Andrea Conti,AC Milan,SerieA
238773,Samu Castillejo,AC Milan,SerieA
40966,Ivan Strinic,AC Milan,SerieA
302508,Stefan Simic,AC Milan,SerieA
9974,Riccardo Montolivo,AC Milan,SerieA
67428,Andrea Bertolacci,AC Milan,SerieA
95499,Antonio Donnarumma,AC Milan,SerieA
353421,Frank Tsadjout,AC Milan,SerieA
356728,Emanuele Torrasi,AC Milan,SerieA
2987,Pepe Reina,AC Milan,SerieA
135584,Diego Laxalt,AC Milan,SerieA
118158,Alessio Romagnoli,AC Milan,SerieA
260498,Davide Calabria,AC Milan,SerieA
19729,Gonzalo Higuaín,AC Milan,SerieA
120151,Alen Halilovic,AC Milan,SerieA
367260,Marco Brescianini,AC Milan,SerieA
300590,Alban Lafont,Fiorentina,SerieA
319785,Nikola Milenkovic,Fiorentina,SerieA
121456,Germán Pezzella,Fiorentina,SerieA
111227,Vitor Hugo,Fiorentina,SerieA
93935,Cristiano Biraghi,Fiorentina,SerieA
101017,Jordan Veretout,Fiorentina,SerieA
118140,Marco Benassi,Fiorentina,SerieA
130964,Edimilson Fernandes,Fiorentina,SerieA
322971,Federico Chiesa,Fiorentina,SerieA
133839,Giovanni Simeone,Fiorentina,SerieA
15834,Kevin Mirallas,Fiorentina,SerieA
242791,Gerson,Fiorentina,SerieA
242432,Marko Pjaca,Fiorentina,SerieA
109062,Vincent Laurini,Fiorentina,SerieA
101856,Christian Nørgaard,Fiorentina,SerieA
86820,Bryan Dabo,Fiorentina,SerieA
93721,Valentin Eysseric,Fiorentina,SerieA
13154,Cyril Théréau,Fiorentina,SerieA
97203,Federico Ceccherini,Fiorentina,SerieA
130815,Bartlomiej Dragowski,Fiorentina,SerieA
315369,Dusan Vlahovic,Fiorentina,SerieA
362779,David Hancko,Fiorentina,SerieA
326500,Maximiliano Olivera,Fiorentina,SerieA
118667,Ivan Provedel,Empoli,SerieA
122469,Giovanni Di Lorenzo,Empoli,SerieA
133223,Frederic Veseli,Empoli,SerieA
19679,Matías Silvestre,Empoli,SerieA
319922,Jacob Rasmussen,Empoli,SerieA
14039,Manuel Pasqual,Empoli,SerieA
259102,Ismael Bennacer,Empoli,SerieA
294163,Rade Krunic,Empoli,SerieA
362551,Hamed Junior Traore,Empoli,SerieA
67834,Francesco Caputo,Empoli,SerieA
120601,Miha Zajc,Empoli,SerieA
32380,Levan Mchedlidze,Empoli,SerieA
91180,Afriyie Acquah,Empoli,SerieA
93854,Salih Ucan,Empoli,SerieA
93715,Alejandro Rodriguez,Empoli,SerieA
2568,Matteo Brighi,Empoli,SerieA
14040,Luca Antonelli,Empoli,SerieA
130815,Bartlomiej Dragowski,Empoli,SerieA
362549,Michal Marcjanik,Empoli,SerieA
369138,Nikola Pejovic,Empoli,SerieA
362550,Samuel Mráz,Empoli,SerieA
116206,Joel Untersee,Empoli,SerieA
369140,Eduardo Bubacar Baldé,Empoli,SerieA
135057,Antonio Sanabria,Genoa,SerieA
337814,Jandrei,Genoa,SerieA
97265,Stefano Sturaro,Genoa,SerieA
283362,Iuri Medeiros,Genoa,SerieA
73379,Wojciech Szczesny,Juventus,SerieA
128967,João Cancelo,Juventus,SerieA
20664,Leonardo Bonucci,Juventus,SerieA
9991,Giorgio Chiellini,Juventus,SerieA
92329,Leonardo Spinazzola,Juventus,SerieA
44868,Juan Cuadrado,Juventus,SerieA
30226,Miralem Pjanic,Juventus,SerieA
17778,Blaise Matuidi,Juventus,SerieA
122402,Federico Bernardeschi,Juventus,SerieA
328990,Moise Kean,Juventus,SerieA
5583,Cristiano Ronaldo,Juventus,SerieA
279541,Matheus Pereira,Juventus,SerieA
107275,Mattia De Sciglio,Juventus,SerieA
83981,Carlo Pinsoglio,Juventus,SerieA
6075,Andrea Barzagli,Juventus,SerieA
281338,Mattia Del Favero,Juventus,SerieA
333196,Simone Muratore,Juventus,SerieA
371257,Hans Nicolussi Caviglia,Juventus,SerieA
30635,Martín Cáceres,Juventus,SerieA
22627,Salvatore Sirigu,Torino,SerieA
339875,Bremer,Torino,SerieA
43834,Nicolas Nkoulou,Torino,SerieA
141307,Armando Izzo,Torino,SerieA
19580,Lorenzo De Silvestri,Torino,SerieA
23001,Cristian Ansaldi,Torino,SerieA
105161,Soualiho Meité,Torino,SerieA
297395,Sasa Lukic,Torino,SerieA
31991,Tomás Rincón,Torino,SerieA
112272,Andrea Belotti,Torino,SerieA
238899,Alex Berenguer,Torino,SerieA
71647,Simone Zaza,Torino,SerieA
83716,Daniele Baselli,Torino,SerieA
315543,Ola Aina,Torino,SerieA
11134,Antonio Rosati,Torino,SerieA
350477,Vincenzo Millico,Torino,SerieA
345511,Vitalie Damascan,Torino,SerieA
261206,Salvador Ichazo,Torino,SerieA
371063,Wilfried Stephane Singo,Torino,SerieA
2877,Emiliano Moretti,Torino,SerieA
109835,Koffi Djidji,Torino,SerieA
80734,Iago Falque,Torino,SerieA
126278,Juan Musso,Udinese,SerieA
327700,Jens Stryger Larsen,Udinese,SerieA
53975,Sebastien De Maio,Udinese,SerieA
77422,Bram Nuytinck,Udinese,SerieA
133400,William Troost-Ekong,Udinese,SerieA
79498,Marco D'Alessandro,Udinese,SerieA
125547,Rodrigo de Paul,Udinese,SerieA
241020,Rolando Mandragora,Udinese,SerieA
254562,Seko Fofana,Udinese,SerieA
134698,Ignacio Pussetto,Udinese,SerieA
14255,Stefano Okaka,Udinese,SerieA
294169,Kevin Lasagna,Udinese,SerieA
87537,Lukasz Teodorczyk,Udinese,SerieA
320408,Svante Ingelsson,Udinese,SerieA
106967,Nícolas,Udinese,SerieA
362546,Nicholas Opoku,Udinese,SerieA
278910,Samuele Perisan,Udinese,SerieA
78152,Marvin Zeegelaar,Udinese,SerieA
256971,Hidde ter Avest,Udinese,SerieA
365129,Petar Micin,Udinese,SerieA
362851,Ben Wilmot,Udinese,SerieA
241022,Alex Meret,Napoli,SerieA
108345,Elseid Hysaj,Napoli,SerieA
90880,Kalidou Koulibaly,Napoli,SerieA
98631,Nikola Maksimovic,Napoli,SerieA
106931,Mário Rui,Napoli,SerieA
67206,José Callejón,Napoli,SerieA
82438,Allan,Napoli,SerieA
13475,Marek Hamsik,Napoli,SerieA
118169,Piotr Zielinski,Napoli,SerieA
83390,Lorenzo Insigne,Napoli,SerieA
104257,Arkadiusz Milik,Napoli,SerieA
297577,Adam Ounas,Napoli,SerieA
294044,Amadou Diawara,Napoli,SerieA
82144,Simone Verdi,Napoli,SerieA
82062,Faouzi Ghoulam,Napoli,SerieA
23100,Dries Mertens,Napoli,SerieA
36745,David Ospina,Napoli,SerieA
86512,Kevin Malcuit,Napoli,SerieA
11624,Orestis Karnezis,Napoli,SerieA
255292,Sebastiano Luperto,Napoli,SerieA
12575,Raúl Albiol,Napoli,SerieA
254692,Emil Audero,Sampdoria,SerieA
84827,Bartosz Bereszynski,Sampdoria,SerieA
231135,Joachim Andersen,Sampdoria,SerieA
320582,Omar Colley,Sampdoria,SerieA
106275,Nicola Murru,Sampdoria,SerieA
254262,Jakub Jankto,Sampdoria,SerieA
141736,Karol Linetty,Sampdoria,SerieA
25764,Albin Ekdal,Sampdoria,SerieA
82923,Gastón Ramírez,Sampdoria,SerieA
101767,Gregoire Defrel,Sampdoria,SerieA
9730,Fabio Quagliarella,Sampdoria,SerieA
317179,Ronaldo Vieira,Sampdoria,SerieA
74921,Manolo Gabbiadini,Sampdoria,SerieA
90878,Riccardo Saponara,Sampdoria,SerieA
369518,Jamie Yayi Mpie,Sampdoria,SerieA
74554,Rafael Cabral,Sampdoria,SerieA
128740,Lorenzo Tonelli,Sampdoria,SerieA
130043,Alex Ferrari,Sampdoria,SerieA
78881,Vid Belec,Sampdoria,SerieA
244318,Júnior Tavares,Sampdoria,SerieA
369519,Simone Trimboli,Sampdoria,SerieA
42879,Andrea Consigli,Sassuolo,SerieA
323240,Pol Lirola,Sassuolo,SerieA
145352,Gian Marco Ferrari,Sassuolo,SerieA
362555,Merih Demiral,Sassuolo,SerieA
345682,Rogerio,Sassuolo,SerieA
113762,Alfred Duncan,Sassuolo,SerieA
273539,Manuel Locatelli,Sassuolo,SerieA
27227,Francesco Magnanelli,Sassuolo,SerieA
118542,Domenico Berardi,Sassuolo,SerieA
80443,Filip Djuricic,Sassuolo,SerieA
280766,Jeremie Boga,Sassuolo,SerieA
128605,Federico Di Francesco,Sassuolo,SerieA
323595,Enrico Brignola,Sassuolo,SerieA
302968,Claud Adjapong,Sassuolo,SerieA
131382,Marlon Santos,Sassuolo,SerieA
362553,Jens Odgaard,Sassuolo,SerieA
25079,Alessandro Matri,Sassuolo,SerieA
56224,Gianluca Pegolo,Sassuolo,SerieA
289293,Leonardo Sernicola,Sassuolo,SerieA
312581,Giacomo Satalino,Sassuolo,SerieA
80831,Khouma Babacar,Sassuolo,SerieA
287049,Mauricio Lemos,Sassuolo,SerieA
17949,Antonio Mirante,Roma,SerieA
101596,Alessandro Florenzi,Roma,SerieA
29908,Federico Fazio,Roma,SerieA
84603,Juan Jesus,Roma,SerieA
12267,Aleksandar Kolarov,Roma,SerieA
39935,Steven Nzonzi,Roma,SerieA
109149,Bryan Cristante,Roma,SerieA
332398,Nicolò Zaniolo,Roma,SerieA
255071,Cengiz Ünder,Roma,SerieA
24845,Edin Dzeko,Roma,SerieA
70087,Stephan El Shaarawy,Roma,SerieA
31388,Diego Perotti,Roma,SerieA
41220,Javier Pastore,Roma,SerieA
331579,Justin Kluivert,Roma,SerieA
342606,Daniel Fuzato,Roma,SerieA
243516,Ante Coric,Roma,SerieA
243565,Patrik Schick,Roma,SerieA
5202,Daniele De Rossi,Roma,SerieA
148546,Lorenzo Pellegrini,Roma,SerieA
44642,Davide Santon,Roma,SerieA
232249,Rick Karsdorp,Roma,SerieA
28521,Iván Marcano,Roma,SerieA
41554,Robin Olsen,Roma,SerieA
141255,Cristian Dell'Orco,Empoli,SerieA
16367,Domenico Maietta,Empoli,SerieA
103242,Marko Pajac,Empoli,SerieA
67279,Diego Farias,Empoli,SerieA
118876,Leonardo Capezzi,Empoli,SerieA
303020,Dimitris Nikolaou,Empoli,SerieA
122457,Filippo Perucchini,Empoli,SerieA
149526,Dimitri Oberlin,Empoli,SerieA
232262,Kevin Diks,Empoli,SerieA
12052,Stefano Sorrentino,Chievo,SerieA
31302,Luca Rossettini,Chievo,SerieA
118801,Federico Barba,Chievo,SerieA
122533,Mattia Bani,Chievo,SerieA
331043,Sofian Kiyine,Chievo,SerieA
22406,Perparim Hetemaj,Chievo,SerieA
32939,Nicola Rigoni,Chievo,SerieA
339498,Pawel Jaroszynski,Chievo,SerieA
72296,Emanuele Giaccherini,Chievo,SerieA
4368,Sergio Pellissier,Chievo,SerieA
108511,Mariusz Stepinski,Chievo,SerieA
20540,Nicolas Frey,Chievo,SerieA
260588,Assane Dioussé,Chievo,SerieA
33399,Filip Djordjevic,Chievo,SerieA
363095,Mauro Burruchaga,Chievo,SerieA
101964,Lucas Piazon,Chievo,SerieA
326640,Adrian Semper,Chievo,SerieA
25820,Riccardo Meggiorini,Chievo,SerieA
79442,Ezequiel Schelotto,Chievo,SerieA
332553,Emanuel Vignato,Chievo,SerieA
128778,Manuel Pucciarelli,Chievo,SerieA
357419,Strahinja Tanasijevic,Chievo,SerieA
10974,Bostjan Cesar,Chievo,SerieA
276357,Antonino La Gumina,Empoli,SerieA
122033,Andrea Fulignati,Empoli,SerieA
106277,Pietro Terracciano,Empoli,SerieA
93818,Jacopo Sala,Sampdoria,SerieA
106413,Dennis Praet,Sampdoria,SerieA
98567,Gianluca Caprari,Sampdoria,SerieA
343615,Maxime Leverbe,Sampdoria,SerieA
232428,Gabriele Rolando,Sampdoria,SerieA
296580,Dawid Kownacki,Sampdoria,SerieA
70149,Kostas Manolas,Roma,SerieA
332268,Luca Pellegrini,Roma,SerieA
121480,Thomas Strakosha,Lazio,SerieA
294744,Luiz Felipe,Lazio,SerieA
54968,Francesco Acerbi,Lazio,SerieA
30635,Martín Cáceres,Lazio,SerieA
275698,Adam Marusic,Lazio,SerieA
26168,Senad Lulic,Lazio,SerieA
31451,Lucas Leiva,Lazio,SerieA
26587,Marco Parolo,Lazio,SerieA
288767,Sergej Milinkovic-Savic,Lazio,SerieA
85077,Luis Alberto,Lazio,SerieA
70141,Ciro Immobile,Lazio,SerieA
125378,Joaquín Correa,Lazio,SerieA
42435,Milan Badelj,Lazio,SerieA
22466,Felipe Caicedo,Lazio,SerieA
132688,Bastos,Lazio,SerieA
18286,Silvio Proto,Lazio,SerieA
132669,Wallace,Lazio,SerieA
283282,Riza Durmisi,Lazio,SerieA
118147,Danilo Cataldi,Lazio,SerieA
121532,Guido Guerrieri,Lazio,SerieA
244489,Alessandro Murgia,Lazio,SerieA
140261,Patric,Lazio,SerieA
72982,Valon Berisha,Lazio,SerieA
77397,Lukasz Skorupski,Bologna,SerieA
118142,Ibrahima Mbaye,Bologna,SerieA
18727,Danilo,Bologna,SerieA
284115,Lyanco,Bologna,SerieA
115574,Mitchell Dijks,Bologna,SerieA
117055,Erick Pulgar,Bologna,SerieA
14831,Blerim Dzemaili,Bologna,SerieA
286828,Riccardo Orsolini,Bologna,SerieA
78906,Roberto Soriano,Bologna,SerieA
83651,Nicola Sansone,Bologna,SerieA
14871,Rodrigo Palacio,Bologna,SerieA
62575,Giancarlo González,Bologna,SerieA
243919,Arturo Calabresi,Bologna,SerieA
31355,Andrea Poli,Bologna,SerieA
136728,Nehuén Paz,Bologna,SerieA
90906,Ângelo da Costa,Bologna,SerieA
335650,Juan Manuel Valencia,Bologna,SerieA
84005,Ladislav Krejci,Bologna,SerieA
141813,Godfred Donsah,Bologna,SerieA
295362,Ádám Nagy,Bologna,SerieA
79674,Diego Falcinelli,Bologna,SerieA
40099,Federico Santander,Bologna,SerieA
282348,Mattias Svanberg,Bologna,SerieA
302893,Fabio Depaoli,Chievo,SerieA
78892,Marco Andreolli,Chievo,SerieA
338073,Mehdi Léris,Chievo,SerieA
363554,Sergej Grubac,Chievo,SerieA
42860,Nenad Tomovic,Chievo,SerieA
372717,Angelo Ndrecka,Chievo,SerieA
131337,Samir,Udinese,SerieA
12462,Valon Behrami,Udinese,SerieA
298515,Giuseppe Pezzella,Udinese,SerieA
107567,Darwin Machís,Udinese,SerieA
317654,Felipe Vizeu,Udinese,SerieA
281409,Simone Pontisso,Udinese,SerieA
123923,Simone Scuffet,Udinese,SerieA
335093,Mamadou Coulibaly,Udinese,SerieA
9972,Samir Handanovic,Inter,SerieA
64271,Danilo D'Ambrosio,Inter,SerieA
82399,Stefan de Vrij,Inter,SerieA
302918,Milan Skriniar,Inter,SerieA
35549,Kwadwo Asamoah,Inter,SerieA
87449,Marcelo Brozovic,Inter,SerieA
135625,Matías Vecino,Inter,SerieA
122683,Matteo Politano,Inter,SerieA
52380,Radja Nainggolan,Inter,SerieA
70524,Ivan Perisic,Inter,SerieA
106964,Mauro Icardi,Inter,SerieA
299344,Lautaro Martínez,Inter,SerieA
322748,Dalbert,Inter,SerieA
136294,Keita,Inter,SerieA
22504,Miranda,Inter,SerieA
27421,Andrea Ranocchia,Inter,SerieA
34112,Antonio Candreva,Inter,SerieA
10372,Daniele Padelli,Inter,SerieA
136279,Roberto Gagliardini,Inter,SerieA
125476,João Mário,Inter,SerieA
69945,Cédric Soares,Inter,SerieA
19112,Borja Valero,Inter,SerieA
294193,Fabián Ruiz,Napoli,SerieA
365444,Antonio Pio Daniele,Napoli,SerieA
35640,Ivan Radovanovic,Chievo,SerieA
12032,Valter Birsa,Chievo,SerieA
67281,Andrea Seculin,Chievo,SerieA
240990,Pierluigi Gollini,Atalanta,SerieA
125810,José Luis Palomino,Atalanta,SerieA
64075,Rafael Tolói,Atalanta,SerieA
244804,Gianluca Mancini,Atalanta,SerieA
135890,Hans Hateboer,Atalanta,SerieA
141726,Robin Gosens,Atalanta,SerieA
85070,Marten de Roon,Atalanta,SerieA
302691,Remo Freuler,Atalanta,SerieA
43194,Josip Ilicic,Atalanta,SerieA
22546,Alejandro Gómez,Atalanta,SerieA
350076,Musa Barrow,Atalanta,SerieA
133808,Emiliano Rigoni,Atalanta,SerieA
41073,Duván Zapata,Atalanta,SerieA
129903,Mario Pasalic,Atalanta,SerieA
44304,Etrit Berisha,Atalanta,SerieA
100962,Berat Djimsiti,Atalanta,SerieA
141169,Timothy Castagne,Atalanta,SerieA
135198,Ali Adnan,Atalanta,SerieA
143467,Luca Valzania,Atalanta,SerieA
78693,Francesco Rossi,Atalanta,SerieA
362599,Arkadiusz Reca,Atalanta,SerieA
362600,Matteo Pessina,Atalanta,SerieA
363092,Davide Bettella,Atalanta,SerieA
10705,Edgar Barreto,Sampdoria,SerieA
203436,Marko Rog,Napoli,SerieA
76921,Vlad Chiriches,Napoli,SerieA
363096,Alessandro D'Andrea,Napoli,SerieA
14157,Andrea Masiello,Atalanta,SerieA
78906,Roberto Soriano,Torino,SerieA
356753,Erick Ferigra,Torino,SerieA
142379,Vittorio Parigini,Torino,SerieA
68034,Adem Ljajic,Torino,SerieA
35954,Kevin Strootman,Roma,SerieA
277269,Franck Kessié,AC Milan,SerieA
339504,Krzysztof Piatek,AC Milan,SerieA
22205,Lucas Biglia,AC Milan,SerieA
137832,Mattia Caldara,AC Milan,SerieA
355855,Dejan Kulusevski,Atalanta,SerieA
77059,Sime Vrsaljko,Inter,SerieA
44089,Federico Marchetti,Genoa,SerieA
14636,Nicolás Spolli,Genoa,SerieA
141269,Luca Mazzitelli,Genoa,SerieA
90349,Oscar Hiljemark,Genoa,SerieA
339504,Krzysztof Piatek,Genoa,SerieA
322219,Stephane Omeonga,Genoa,SerieA
95872,Gianluca Lapadula,Genoa,SerieA
53975,Sebastien De Maio,Bologna,SerieA
143992,Federico Mattiello,Bologna,SerieA
67434,Mattia Destro,Bologna,SerieA
330643,Orji Okwonkwo,Bologna,SerieA
362775,Gabriele Corbo,Bologna,SerieA
91182,Antonio Santurro,Bologna,SerieA
42878,Emiliano Viviano,SPAL 2013,SerieA
44473,Thiago Cionek,SPAL 2013,SerieA
9973,Felipe,SPAL 2013,SerieA
281433,Kevin Bonifazi,SPAL 2013,SerieA
149030,Mohamed Fares,SPAL 2013,SerieA
97197,Mattia Valoti,SPAL 2013,SerieA
13348,Simone Missiroli,SPAL 2013,SerieA
28001,Pasquale Schiattarella,SPAL 2013,SerieA
90287,Jasmin Kurtic,SPAL 2013,SerieA
14152,Sergio Floccari,SPAL 2013,SerieA
122296,Andrea Petagna,SPAL 2013,SerieA
244489,Alessandro Murgia,SPAL 2013,SerieA
26928,Mirco Antenucci,SPAL 2013,SerieA
241007,Marko Jankovic,SPAL 2013,SerieA
149502,Lorenzo Dickmann,SPAL 2013,SerieA
343369,Francesco Vicari,SPAL 2013,SerieA
343524,Giacomo Poluzzi,SPAL 2013,SerieA
33834,Alberto Paloschi,SPAL 2013,SerieA
70675,Vasco Regini,SPAL 2013,SerieA
122033,Andrea Fulignati,SPAL 2013,SerieA
123468,Filippo Costa,SPAL 2013,SerieA
128746,Mirko Valdifiori,SPAL 2013,SerieA
97213,Alfred Gomis,SPAL 2013,SerieA
27999,Marco Sau,Sampdoria,SerieA
95504,Marco Sportiello,Frosinone,SerieA
118148,Edoardo Goldaniga,Frosinone,SerieA
34938,Lorenzo Ariaudo,Frosinone,SerieA
92754,Marco Capuano,Frosinone,SerieA
122487,Francesco Zampano,Frosinone,SerieA
287088,Andrea Beghetto,Frosinone,SerieA
121023,Raman Chibsah,Frosinone,SerieA
317360,Francesco Cassata,Frosinone,SerieA
83126,Lorenzo Crisetig,Frosinone,SerieA
317544,Andrea Pinamonti,Frosinone,SerieA
19792,Daniel Ciofani,Frosinone,SerieA
95977,Joel Campbell,Frosinone,SerieA
259931,Paolo Ghiglione,Frosinone,SerieA
122652,Mirko Gori,Frosinone,SerieA
121282,Stipe Perica,Frosinone,SerieA
142385,Emmanuel Besea,Frosinone,SerieA
57591,Nicolò Brighenti,Frosinone,SerieA
15407,Cristian Molinaro,Frosinone,SerieA
78882,Francesco Bardi,Frosinone,SerieA
83389,Raffaele Maiello,Frosinone,SerieA
140505,Rai Vloet,Frosinone,SerieA
68613,Bartosz Salamon,Frosinone,SerieA
93698,Luka Krajnc,Frosinone,SerieA
95721,Lorenzo Lollo,Empoli,SerieA
106906,Alessio Cragno,Cagliari,SerieA
333136,Paolo Faragò,Cagliari,SerieA
143991,Filippo Romagna,Cagliari,SerieA
93211,Luca Ceppitelli,Cagliari,SerieA
120218,Charalampos Lykogiannis,Cagliari,SerieA
71584,Lucas Castro,Cagliari,SerieA
14126,Luca Cigarini,Cagliari,SerieA
72935,Artur Ionita,Cagliari,SerieA
148684,Nicolò Barella,Cagliari,SerieA
67279,Diego Farias,Cagliari,SerieA
95822,Leonardo Pavoletti,Cagliari,SerieA
128053,Alberto Cerri,Cagliari,SerieA
141308,Fabio Pisacane,Cagliari,SerieA
27999,Marco Sau,Cagliari,SerieA
59214,Rafael,Cagliari,SerieA
103242,Marko Pajac,Cagliari,SerieA
132229,Filip Bradaric,Cagliari,SerieA
129554,Simone Aresti,Cagliari,SerieA
338751,Riccardo Daga,Cagliari,SerieA
78892,Marco Andreolli,Cagliari,SerieA
14127,Daniele Dessena,Cagliari,SerieA
23043,Simone Padoin,Cagliari,SerieA
77350,Rômulo,Lazio,SerieA
349701,Nicolò Armini,Lazio,SerieA
369572,Mauro Zitelli,Lazio,SerieA
337916,Pedro Neto,Lazio,SerieA
346000,Bruno Jordao,Lazio,SerieA
112210,Amin Younes,Napoli,SerieA
369883,Gianluca Gaetano,Napoli,SerieA
355856,Enrico Del Prato,Atalanta,SerieA
356733,Andrea Colpani,Atalanta,SerieA
369414,Roberto Piccoli,Atalanta,SerieA
341525,Ibañez,Atalanta,SerieA
326501,Alessandro Plizzari,AC Milan,SerieA
107072,Filip Helander,Bologna,SerieA
251137,Simone Edera,Bologna,SerieA
78880,Mattia Perin,Juventus,SerieA
116207,Daniele Rugani,Juventus,SerieA
100995,Alex Sandro,Juventus,SerieA
303657,Rodrigo Bentancur,Juventus,SerieA
24088,Mario Mandzukic,Juventus,SerieA
114863,Paulo Dybala,Juventus,SerieA
287086,Manuel Lazzari,SPAL 2013,SerieA
278119,Lorenco Simic,SPAL 2013,SerieA
68890,Sandro,Genoa,SerieA
33870,Fabrizio Cacciatore,Chievo,SerieA
67432,Joel Obi,Chievo,SerieA
336959,Arnel Jakupovic,Empoli,SerieA
40384,Giacomo Bonaventura,AC Milan,SerieA
21234,Stefan Radu,Lazio,SerieA
14751,Dusan Basta,Lazio,SerieA
331702,Stefano Greco,Roma,SerieA
352960,Alessio Riccardi,Roma,SerieA
68890,Sandro,Udinese,SerieA
83205,Emmanuel Badu,Udinese,SerieA
366337,Musa Juwara,Chievo,SerieA
369571,Sergio Kalaj,Lazio,SerieA
367198,Marco Alia,Lazio,SerieA
300624,Marco Tumminello,Atalanta,SerieA
251137,Simone Edera,Torino,SerieA
284115,Lyanco,Torino,SerieA
355391,Riccardo Sottil,Fiorentina,SerieA
232262,Kevin Diks,Fiorentina,SerieA
369427,Jorge Silva,Lazio,SerieA
33870,Fabrizio Cacciatore,Cagliari,SerieA
86935,João Pedro,Cagliari,SerieA
13154,Cyril Théréau,Cagliari,SerieA
130368,Alessandro Deiola,Cagliari,SerieA
7044,Darijo Srna,Cagliari,SerieA
343615,Maxime Leverbe,Cagliari,SerieA
12032,Valter Birsa,Cagliari,SerieA
369713,Christian Oliva,Cagliari,SerieA
106277,Pietro Terracciano,Fiorentina,SerieA
84190,Luis Muriel,Fiorentina,SerieA
367532,Martin Graiciar,Fiorentina,SerieA
356114,Federico Brancolini,Fiorentina,SerieA
131042,Antonin Barak,Udinese,SerieA
105339,Molla Wagué,Udinese,SerieA
68889,Douglas Costa,Juventus,SerieA
111212,Emre Can,Juventus,SerieA
29888,Medhi Benatia,Juventus,SerieA
375465,Erald Lakti,Fiorentina,SerieA
362778,Tòfol Montiel,Fiorentina,SerieA
374606,Gabriele Ferrarini,Fiorentina,SerieA
35640,Ivan Radovanovic,Genoa,SerieA
369687,Andras Schafer,Genoa,SerieA
83397,Camillo Ciano,Frosinone,SerieA
362601,Luca Matarese,Frosinone,SerieA
11615,Paolo Sammarco,Frosinone,SerieA
18681,Danilo Soddimo,Frosinone,SerieA
303021,Andrija Balic,Udinese,SerieA
365829,Riccardo Doratiotto,Cagliari,SerieA
367520,Francesco Verde,Cagliari,SerieA
10839,Ragnar Klavan,Cagliari,SerieA
118502,Kiril Despodov,Cagliari,SerieA
122653,Luca Paganini,Frosinone,SerieA
143467,Luca Valzania,Frosinone,SerieA
78883,Federico Dionisi,Frosinone,SerieA
106522,Marcello Trotta,Frosinone,SerieA
302508,Stefan Simic,Frosinone,SerieA
13764,Sami Khedira,Juventus,SerieA
82109,Mehdi Bourabia,Sassuolo,SerieA
11867,Kevin-Prince Boateng,Sassuolo,SerieA
141255,Cristian Dell'Orco,Sassuolo,SerieA
136306,Stefano Sensi,Sassuolo,SerieA
362552,Giangiacomo Magnani,Sassuolo,SerieA
375437,Manolo Portanova,Juventus,SerieA
70319,Luigi Sepe,Parma Calcio 1913,SerieA
129551,Simone Iacoponi,Parma Calcio 1913,SerieA
18590,Bruno Alves,Parma Calcio 1913,SerieA
122452,Riccardo Gagliolo,Parma Calcio 1913,SerieA
255929,Federico Dimarco,Parma Calcio 1913,SerieA
12732,Luca Rigoni,Parma Calcio 1913,SerieA
14143,Antonino Barillà,Parma Calcio 1913,SerieA
362544,Leo Stulac,Parma Calcio 1913,SerieA
17740,Gervinho,Parma Calcio 1913,SerieA
90946,Roberto Inglese,Parma Calcio 1913,SerieA
109067,Antonio Di Gaudio,Parma Calcio 1913,SerieA
9926,Massimo Gobbi,Parma Calcio 1913,SerieA
15438,Fabio Ceravolo,Parma Calcio 1913,SerieA
130368,Alessandro Deiola,Parma Calcio 1913,SerieA
362761,Francisco Sierralta,Parma Calcio 1913,SerieA
329665,Alessandro Bastoni,Parma Calcio 1913,SerieA
362545,Fabrizio Bagheria,Parma Calcio 1913,SerieA
30589,Marcello Gazzola,Parma Calcio 1913,SerieA
34145,Luca Siligardi,Parma Calcio 1913,SerieA
52382,Pierluigi Frattali,Parma Calcio 1913,SerieA
109182,Mattia Sprocati,Parma Calcio 1913,SerieA
122627,Amato Ciciretti,Parma Calcio 1913,SerieA
290832,Alessio Da Cruz,Parma Calcio 1913,SerieA
75218,Jordan Lukaku,Lazio,SerieA
149474,Vanja Milinkovic-Savic,SPAL 2013,SerieA
74141,Everton Luiz,SPAL 2013,SerieA
259527,Mattia Vitale,SPAL 2013,SerieA
98140,Federico Viviani,SPAL 2013,SerieA
142420,Gabriele Moncini,SPAL 2013,SerieA
362543,Demba Thiam,SPAL 2013,SerieA
365686,Lazar Nikolic,SPAL 2013,SerieA
371497,Giacomo Raspadori,Sassuolo,SerieA
375461,Andrea Ghion,Sassuolo,SerieA
332268,Luca Pellegrini,Cagliari,SerieA
372825,Andrea Rizzo Pinna,SPAL 2013,SerieA
372824,Paolo Gozzi Iweru,Juventus,SerieA
275831,Grigoris Kastanos,Juventus,SerieA
318750,Stephy Mavididi,Juventus,SerieA
320262,Luca Coccolo,Juventus,SerieA
11680,Johan Djourou,SPAL 2013,SerieA
371078,Milos Bocic,Udinese,SerieA
32514,Juraj Kucka,Parma Calcio 1913,SerieA
70561,Matteo Scozzarella,Parma Calcio 1913,SerieA
240989,Alberto Grassi,Parma Calcio 1913,SerieA
293996,Pepín,Parma Calcio 1913,SerieA
41237,Jonathan Biabiany,Parma Calcio 1913,SerieA
95046,Jacopo Dezi,Parma Calcio 1913,SerieA
370362,Gabriel Brazão,Parma Calcio 1913,SerieA
369677,Georgios Antzoulas,Fiorentina,SerieA
362780,Elia Caprile,Chievo,SerieA
342577,Lukas Lerager,Genoa,SerieA
372679,Fallou Njie,Genoa,SerieA
7323,Emil Hallfredsson,Frosinone,SerieA
371595,Karim Zedadka,Napoli,SerieA
106522,Marcello Trotta,Sassuolo,SerieA
18723,Federico Peluso,Sassuolo,SerieA
316537,Alessandro Rossi,Lazio,SerieA
371585,Luan Capanni,Lazio,SerieA
7323,Emil Hallfredsson,Udinese,SerieA
302650,Gianluca Scamacca,Sassuolo,SerieA
337839,Nunzio Lella,Cagliari,SerieA
113196,Andreas Cornelius,Atalanta,SerieA
370949,Facundo Colidio,Inter,SerieA
372893,Ibrahim Karamoko,Chievo,SerieA
280819,Nicolás Schiappacasse,Parma Calcio 1913,SerieA
369409,Carl Davordzie,Parma Calcio 1913,SerieA
298729,Abdou Diakhate,Parma Calcio 1913,SerieA
98140,Federico Viviani,Frosinone,SerieA
79502,Alessandro Iacobucci,Frosinone,SerieA
365828,Gianluca Saro,Empoli,SerieA
371596,Thomas Battistella,Udinese,SerieA
338774,Filip Vaško,Udinese,SerieA
369102,Giuseppe Marciano,Frosinone,SerieA
369103,Francesco Verde,Frosinone,SerieA
369539,Marco Spina,SPAL 2013,SerieA
319845,Ognjen Stijepovic,Sampdoria,SerieA
357433,Lorenzo Peli,Atalanta,SerieA
368312,Caleb Okoli,Atalanta,SerieA
333510,Simone Ghidotti,Fiorentina,SerieA
373081,Nicky Medja Beloko,Fiorentina,SerieA
369426,Nicolo Fagioli,Juventus,SerieA
356176,Ndary Adopo,Torino,SerieA
362440,Davide Marfella,Napoli,SerieA
374605,Christian Koffi,Fiorentina,SerieA
368242,Luca Gemello,Torino,SerieA
70675,Vasco Regini,Sampdoria,SerieA
349184,Raoul Bellanova,AC Milan,SerieA
373539,Marco Curto,Empoli,SerieA
365103,Gianmarco Cangiano,Roma,SerieA
333761,Abukar Mohamed,Lazio,SerieA
374601,Alessio Furlanetto,Lazio,SerieA
348649,Manuel Gasparini,Udinese,SerieA
125276,Gaspar Íñiguez,Udinese,SerieA
298060,Yann Karamoh,Inter,SerieA
371582,Pablo Moreno Taboada,Juventus,SerieA
367278,Zan Celar,Roma,SerieA
369141,Luca Belardinelli,Empoli,SerieA
372509,Samuele Ricci,Empoli,SerieA
372877,Redi Kasa,Parma Calcio 1913,SerieA
350254,Matteo Soncin,AC Milan,SerieA
370032,Mohamed Bahlouli,Sampdoria,SerieA
371353,Francesco Semeraro,Roma,SerieA
371354,Salvatore Pezzella,Roma,SerieA
371355,Riccardo Cargnelutti,Roma,SerieA
363048,Caio Vinicius,Bologna,SerieA
367521,Ludovico D'Orazio,Roma,SerieA
10928,Gianni Munari,Parma Calcio 1913,SerieA
369410,Yves Baraye,Parma Calcio 1913,SerieA
369412,Karolis Uzela,SPAL 2013,SerieA
369411,Ricardo Farcas,SPAL 2013,SerieA
369694,Andrea Errico,Frosinone,SerieA
375382,Michele Bragantini,Chievo,SerieA
369688,Nicolò Rovella,Genoa,SerieA
343560,Antonio Candela,Genoa,SerieA
340929,Andrea Marcucci,Roma,SerieA
373920,Tommaso Farabegoli,Sampdoria,SerieA
347697,Riccardo Ladinetti,Cagliari,SerieA
349795,Ben Kone,Torino,SerieA
343775,Eddie Salcedo,Inter,SerieA
369139,Niccolò Ricchi,Empoli,SerieA
375418,Alessandro Cerbara,Lazio,SerieA
375416,Roberto De Angelis,Lazio,SerieA
375417,Alessio Bianchi,Lazio,SerieA
362774,Joaquín Ardáiz,Frosinone,SerieA
371313,Alessandro Marongiu,Cagliari,SerieA
370336,Pier Paolo Salvati,Frosinone,SerieA
373544,Nicolò Cambiaghi,Atalanta,SerieA
322991,Titas Krapikas,Sampdoria,SerieA
364321,Andrea Di Maggio,Parma Calcio 1913,SerieA
364320,Drissa Camara,Parma Calcio 1913,SerieA
374902,Joao Piai,Napoli,SerieA
